Title,Salary,Link,Vaxx
"Data Analyst, Summer 2022 Student Opportunities",,https://ca.indeed.com/rc/clk?jk=2565e400c1fe9ba5&fccid=537b899e30af3338&vjs=3,True
IT Data Analyst III,,https://ca.indeed.com/rc/clk?jk=9fe4e435d0ad6208&fccid=d7114f1cac8d0711&vjs=3,False
Data Analyst NOC-2172,"$6,638 a month",https://ca.indeed.com/company/hbimsw.ca/jobs/Data-Analyst-Noc-0ad56fa53c71d61d?fccid=40dfdaec8d1417f0&vjs=3,False
Data Analyst (Remote in Canada),,https://ca.indeed.com/company/InteraXon/jobs/Data-Analyst-e472f1265629831b?fccid=1fc1efce6d60cd16&vjs=3,False
Data Science Analyst,,https://ca.indeed.com/rc/clk?jk=07c2dedb9972cd0c&fccid=2e16043297423070&vjs=3,True
Data Analyst,$50 - $65 an hour,https://ca.indeed.com/company/www.dawninfotek.com/jobs/Data-Analyst-53e7925a31cf6153?fccid=b92bdfc2ac8613c3&vjs=3,False
Junior Data Analyst,"$45,000 a year",https://ca.indeed.com/company/Delvinia/jobs/Junior-Data-Analyst-fc91e0d3806a3c48?fccid=e1fe1efe2ecb95ed&vjs=3,False
"Data Analyst (Fixed-Term, 12-months)",,https://ca.indeed.com/rc/clk?jk=956402583f4a407a&fccid=13a3479abac5f822&vjs=3,False
Jr. Data Analyst,"$40,000 - $45,000 a year",https://ca.indeed.com/company/Flex-Surveys/jobs/Junior-Data-Analyst-f02ceafddcf92f21?fccid=25edde9d786f2c99&vjs=3,False
Data Analyst IV,,https://ca.indeed.com/rc/clk?jk=ae6990950e671de5&fccid=d7114f1cac8d0711&vjs=3,False
Data Analyst,,https://ca.indeed.com/company/Clutch-Canada/jobs/Data-Analyst-d0b4bb99133f38ec?fccid=5fb79bf1f6da0240&vjs=3,True
Business Analyst,,https://ca.indeed.com/company/MSi-Corp/jobs/Business-Analyst-5b3a04ed12bc059d?fccid=183e06e7def5a52c&vjs=3,False
Business Analyst,,https://ca.indeed.com/company/Total-Credit-Recovery-Ltd/jobs/Business-Analyst-ed59bdcf27ced66f?fccid=c412657cf6a066c1&vjs=3,True
Fraud Analyst (New / Recent Graduate),,https://ca.indeed.com/pagead/clk?mo=r&ad=-6NYlbfkN0CAu63qYmF4ruMsyyhkvi8oPoP2sFN7ueC2iu3o-4MDNmzeq_4XpHC_zpjoHss10xl4Ch9m9fkYOjP_MpUAEs0zZGLp82aKd8KuyT1OhovyNED13NmnrGmAQ7t2NCHDteFWFoWDY7ayzWOVaOqzY1jT2bi-4yQT0PDeIjXtfyZRa3oVlehOgBMx-9KGZbyRgAxPpMyBz9t2h25hyA4XM6gFBrQ_K3QfuSINsvD1ghJKC-VWS6xDnFajDQvg_JrbV3WyurIj5r-P-ky1pGFa4G8q_hwehQQ-vekQN5uDXCkjcN35EuKFCiTbfHNvdmojany82kPs0arjeUGQ4hiNowCGY59v_lXUvYUFLvFQRt5oU249RQuAukbY34gyDQGXTq9JDh527UVbn-kGlhTyFR5iphUObg-JUifEglfL1iTQhnrQystEofrtwJ1Lqzor4J1c5fiXhwS5mGF16Tb8jY9RvUFHzxn1DjD4H4vP2YV5rEfCizPKk7-ll8m7-TVxD3Kumsg2JhKiujvdmpbMbdmz7yPgeucZV9jMUEk_2o_VceSetkBYmgwJRMAQTVs7_5makkEVIapuE9GqcS8xI8rw&p=0&fvj=0&vjs=3,False
Business Analyst - Technology,,https://ca.indeed.com/pagead/clk?mo=r&ad=-6NYlbfkN0BFPNdykeU043Y2-81QDSN4b2__fLQNeTvxuOvNh94g1HM3WNBb3ozo0GjCLldD-MKssII8mN4T4B25PCH-SKwW1W9FCyKDj2awrg57eHtvB2xtlgYCbMXuMXNKmnmxYhcckaBJMwYwDpEAXVXLmDVwzJYM5GKh40bUUtRAL25FLhugqabnwaTxDUmsYV6E89rHr13cgb15YgwqiGlpMCecRy_C1fInGlAUXUwEkMU1OSiRiP50kksWgfQSXzOV8AjKhXorTlavZVOKt014BZ7t6aoqJ4VgEbQG4UcgxmtjKjlzqjlpWKh_pHxQVIORivAueCdMv-4XyuS_FFAIdwpcJANAa8l_CTjynv6SO2u10S8cNkPB5bEdocHNFkhiWuE3AJtUrsqqso6mD071zWQU1fIt6QV5wGz4IVa9rLaQcRca9BX_ILm_X1VmCwm5IuGv-7qBUm4wztzqbn2xEIspcDkP-2qbO93np1MtTzoJ3Q==&p=1&fvj=1&vjs=3,False
Data Analyst - Creative Destruction Lab,,https://ca.indeed.com/rc/clk?jk=d93e4ccff1615612&fccid=986361104086c3ae&vjs=3,False
Data Analyst,,https://ca.indeed.com/rc/clk?jk=0fc800066770eada&fccid=354f4c12e3c6bd5a&vjs=3,False
"Business/Operations Analyst, Summer 2022 Student Opportuniti...",,https://ca.indeed.com/rc/clk?jk=5047fbd8b086d832&fccid=537b899e30af3338&vjs=3,False
Data Analyst (Toronto Remote),,https://ca.indeed.com/rc/clk?jk=f6b901fc4ac82097&fccid=7136762d065a5ad7&vjs=3,False
"Data Analyst, Business Intelligence",,https://ca.indeed.com/rc/clk?jk=d7df5a45e3c6f227&fccid=b726a5ebc0841dee&vjs=3,False
"Analyst, Data & Analytics Access Mgmt.",,https://ca.indeed.com/rc/clk?jk=2cb11db02eac5bb4&fccid=3a429036b3725efa&vjs=3,False
Data Analyst,,https://ca.indeed.com/rc/clk?jk=782619725ca740fe&fccid=0d24f3d7d05a03be&vjs=3,False
Data Business Analyst (Toronto),,https://ca.indeed.com/company/Just.Be/jobs/Data-Business-Analyst-114cff1d779629e7?fccid=f5e56953d86cea57&vjs=3,False
Data Analyst,"$80,000 - $90,000 a year",https://ca.indeed.com/company/White-Ash-Group/jobs/Data-Analyst-92f055b0a90ded93?fccid=5174869c732f070e&vjs=3,False
"Data Analyst, Health & Safety Reporting & Metrics",,https://ca.indeed.com/rc/clk?jk=49d3ee39b6239aaa&fccid=537b899e30af3338&vjs=3,True
Sr. Business Analyst,,https://ca.indeed.com/rc/clk?jk=c0441843fea4ab5b&fccid=f057e04c37cca134&vjs=3,True
Microbiology Analyst (Inventory),"$63,302 - $80,094 a year",https://ca.indeed.com/rc/clk?jk=dedb2449c64757b8&fccid=a02a3fbd6af76463&vjs=3,True
Senior Data Analyst,,https://ca.indeed.com/rc/clk?jk=345f452ffb1969aa&fccid=537b899e30af3338&vjs=3,False
RESEARCH ANALYST 2,$37.80 - $41.41 an hour,https://ca.indeed.com/rc/clk?jk=be47068b2092bbd7&fccid=f2087b51205d4920&vjs=3,True
"Analyst, Sustainability and Climate (New or Recent Grad)",,https://ca.indeed.com/rc/clk?jk=e2d04acbfd80a749&fccid=3a429036b3725efa&vjs=3,False
"Data Analyst, Summer 2022 Student Opportunities",,https://ca.indeed.com/rc/clk?jk=2565e400c1fe9ba5&fccid=537b899e30af3338&vjs=3,True
Data Analyst NOC-2172,"$6,638 a month",https://ca.indeed.com/company/hbimsw.ca/jobs/Data-Analyst-Noc-0ad56fa53c71d61d?fccid=40dfdaec8d1417f0&vjs=3,False
Data Analyst (Remote in Canada),,https://ca.indeed.com/company/InteraXon/jobs/Data-Analyst-e472f1265629831b?fccid=1fc1efce6d60cd16&vjs=3,False
Data Science Analyst,,https://ca.indeed.com/rc/clk?jk=07c2dedb9972cd0c&fccid=2e16043297423070&vjs=3,True
Data Analyst,$50 - $65 an hour,https://ca.indeed.com/company/www.dawninfotek.com/jobs/Data-Analyst-53e7925a31cf6153?fccid=b92bdfc2ac8613c3&vjs=3,False
Junior Data Analyst,"$45,000 a year",https://ca.indeed.com/company/Delvinia/jobs/Junior-Data-Analyst-fc91e0d3806a3c48?fccid=e1fe1efe2ecb95ed&vjs=3,False
"Data Analyst (Fixed-Term, 12-months)",,https://ca.indeed.com/rc/clk?jk=956402583f4a407a&fccid=13a3479abac5f822&vjs=3,False
Jr. Data Analyst,"$40,000 - $45,000 a year",https://ca.indeed.com/company/Flex-Surveys/jobs/Junior-Data-Analyst-f02ceafddcf92f21?fccid=25edde9d786f2c99&vjs=3,False
Data Analyst IV,,https://ca.indeed.com/rc/clk?jk=ae6990950e671de5&fccid=d7114f1cac8d0711&vjs=3,False
Data Analyst,,https://ca.indeed.com/company/Clutch-Canada/jobs/Data-Analyst-d0b4bb99133f38ec?fccid=5fb79bf1f6da0240&vjs=3,True
Business Analyst/Data Analyst,"$40,200 - $60,200 a year",https://ca.indeed.com/pagead/clk?mo=r&ad=-6NYlbfkN0BMKRH573ZS2bgBt-42ibO_vwJOlO1miwEQ4j6x9SszcICH7OrsY2K5jmj8-G7_o5FoveJMyiPw-sAyxML3uVV66UnlzZeAxi9PhO7DouRY_wTalj_skO1kmWcvf_87e0jbJGaIqL2oMQqU-UbE2VxUeNhgt3lCiKWLh9wqUDegOr-ajaIiCcsmFeFn83DzFT6xNWDvJcUFV6EBalQOnx3GpkZLqL1yaac6EFFVhSTd6wi24QgH3DhO0nELoqmc9mXvTbHnjJs5clboe94SQrCriXKxdYrmXbiOwE7_y5-lkD4sL7lAy7hy4J7_0RODAweyYqb8AhH-GLBGhy7_6snMWXozy1QRMXzm_noV-pm4JJIb3yLJ8swKkfZDRrvmg8wG_uTzpQg6Gfku1W-29wRDwY7TCvICtQgp_6bIFE-KqmMG8qHL6Qdm3NnxYmhxfosbRZOxTv_6QHaSh7tq7TaFJGZ-PBjW5Dys18O3eSw-0A==&p=0&fvj=1&vjs=3,True
Fraud Detection Analyst (credit cards),,https://ca.indeed.com/pagead/clk?mo=r&ad=-6NYlbfkN0CAu63qYmF4ruMsyyhkvi8oPoP2sFN7ueC2iu3o-4MDNmzeq_4XpHC_zpjoHss10xn6SG6vQIuOIsQxUaoG_4uQBZN-RY_whDh0vGuOKqVEwR5wrk3bvJYFLrvzuOkmhWP6MH4FfO9i2BoeyB5T1VtxaNLiMpOFq9_mHEOM0RWzYYPag984kL9k4gV5mCSf6vrh_aFlGZRs-TASyPnJ3GuBRvSRP2Cu0qLr9LpVhP-HEwtO6PHK5FgOanneZRPnwXuL73K7YnwQ_WLQgWvRGIDODS0r3jCGah_IgalhvdWXsIapD_nGK_ZT9m3KnELrroRMyA4FEelSidFjdLvwi-5rQEKUkdxufL7zoVOkFyPwCFNSZnYm_glXj4-Qj-huwaee5LkOOpQiBUHI0bYjJn9nSWYExn_8lOSnD-oJo3tjqkXmny5yMsuRW5lbbShTFOeTbj0LMYlbg1FlU9cn9Fywyo8kWP75zRd3G0i-zKhQNsnonm-i_0xbxqXe0ORRHwYEOp-YoqYG2jTtdSaC2DfS1WW7kzjYEuT_DUdwKLL9IzJSRJAYXYbGKoG8KViv3-F_5I2YJNLLZDrghec7tzPj&p=1&fvj=0&vjs=3,False
Fraud Analyst (New / Recent Graduate),,https://ca.indeed.com/pagead/clk?mo=r&ad=-6NYlbfkN0CAu63qYmF4ruMsyyhkvi8oPoP2sFN7ueC2iu3o-4MDNmzeq_4XpHC_zpjoHss10xl4Ch9m9fkYOjP_MpUAEs0zZGLp82aKd8KuyT1OhovyNED13NmnrGmAQ7t2NCHDteFWFoWDY7ayzWOVaOqzY1jT2bi-4yQT0PAqb8X04rv00LcfZKouMRO3wjnkjdClhqQslAONL8sTRcTHYzMjs34fT_gDhmdIRpqopWum8JWhGlXFwWSwctIly5Epi6kt4rIzzuc_3WI_DmpNcC0jawURZpTaOkG__-MMVE4c_U3EJwXh630k-_jxHds9zd7VNpSFAlpwtRDQ135nRKoiuUT1IJG9n3vcktUAB-d1ZBGZ2N5X4IleiE7ysLuQpSNf8sWXeJE3ihfLVBz_R-nzT1-U0fld7fVTMflbOIN6DBd2QZzqhMyS8elYtLxy_4pxiaR0uST8KcFgFwKL8iZWC6zBNFR3xvETT-PFBA9_u7f3pO7bVXKqqu5nYaAFQy641mu8g2zHkCiuM4UbM2ooJoVb8fSMeHBoTz2zjMy8Zgrm8MwZDYwzP0M-OmDWJcvp4S28HfVPLo2UpSGTEeOJKoOU&p=2&fvj=0&vjs=3,False
"Data Analyst, Reinsurance Operations",,https://ca.indeed.com/pagead/clk?mo=r&ad=-6NYlbfkN0CxMktRfIY4n2PDsUV8-SF-RhuGOEeB1z81xUSq8emV3-sHXi15KHVM0Bf0vdQaulPItGSJMxFQjDAURgjAiGJ-4pNf6kzu7esPqusrV1nLYUm54p0opUk5fYg_FP9LQ-FzvYIushi1y8qfd6PsqNVRcUkA0JQcPOe_9GP9YGs4q4qh9CVu8iIdoyhiStUK1m75QzjEjU6-HMGCFuYzIr_WlONsKBDbZXTqpL1q5xfjdcLui0cyzhZK11jse1HJlOrMc67-C0IH-51Kv8dcFDwVlf9ABewXzig5Z6dJB5giLHhyTklvUTp59ir4_sp7ihf5D1cEKI-s9IHT4sV2jjpI5XMC6eMkSfiAK2zX-X1p16av6Lbnp-FRU823fSneIzuE99ofb2AtgoBNJ5IMV_YzMmY4DiKOJkT9_9fSnJVI6t68zVDZCofsHb1LAPU9LmKWdASKsNW3uZFxDGqPo1ahk3VW1OlJuWc7mQdGpOFSd8Y5s8utWRMS&p=3&fvj=0&vjs=3,False
Data Governance Analyst,,https://ca.indeed.com/pagead/clk?mo=r&ad=-6NYlbfkN0DS8a26ovoDmDVWKnecPTLFR8SHVHLxO_NaDhkaouMlpRBQVxuxbv2csLUuPuwEwOuuvbWRrSoLfhtKFwTNddnwZgp9LYIYfNRrog-RjmMyxU7BqccPnzpAh2JtuIAmvhDAsWy2FRJVDbb1d0F6x1iaGA9XvOnsC_PYDOgPE2jNYjBIecoqYvKEmmiqCWqD0rXLcDH5hUE--hl5-AhcTweus2_zjxH9CB4KpddOi33v_ElCfe7mcTnr_9Ql95vUDH-0smvLa5OAslTXVHcTV9WPX0OcIukvf9NB58WhkDTneq1t7Eo0QO4ZkgSCFzrAvKlqRFJfpPq93YCIPplocTvmov4nZ66OiEHjgxCdC-LD3jlpgzTAQToLiSOfI6mq3CHxPpzlW8Ic7uB_ToTPMslT60eL31ZTcXhpOTQAoZCFZsLvjGahQQ_1lY8uv23kn7vjGjV1TGlVAs7Cn3WMOIfjLaOxToF4TK-vvSK-5UyKlGLWY8jBIcGmhBFLN5yVjNpxIDC4uClqiKS0WT3AdOgRGXao0XHQFrraaW9EKsGNhCG3Lu82zwmubDcUQEjUghs-RmX38js6t3LlD9XoZsUb9AWkHOSNKoA=&p=4&fvj=0&vjs=3,False
Data Analyst,,https://ca.indeed.com/company/Clutch-Canada/jobs/Data-Analyst-d0b4bb99133f38ec?fccid=5fb79bf1f6da0240&vjs=3,True
Business Analyst,,https://ca.indeed.com/company/MSi-Corp/jobs/Business-Analyst-5b3a04ed12bc059d?fccid=183e06e7def5a52c&vjs=3,False
Business Analyst,,https://ca.indeed.com/company/Total-Credit-Recovery-Ltd/jobs/Business-Analyst-ed59bdcf27ced66f?fccid=c412657cf6a066c1&vjs=3,True
Data Analyst - Creative Destruction Lab,,https://ca.indeed.com/rc/clk?jk=d93e4ccff1615612&fccid=986361104086c3ae&vjs=3,False
Data Analyst,,https://ca.indeed.com/rc/clk?jk=0fc800066770eada&fccid=354f4c12e3c6bd5a&vjs=3,False
"Business/Operations Analyst, Summer 2022 Student Opportuniti...",,https://ca.indeed.com/rc/clk?jk=5047fbd8b086d832&fccid=537b899e30af3338&vjs=3,False
Data Analyst (Toronto Remote),,https://ca.indeed.com/rc/clk?jk=f6b901fc4ac82097&fccid=7136762d065a5ad7&vjs=3,False
"Data Analyst, Business Intelligence",,https://ca.indeed.com/rc/clk?jk=d7df5a45e3c6f227&fccid=b726a5ebc0841dee&vjs=3,False
"Analyst, Data & Analytics Access Mgmt.",,https://ca.indeed.com/rc/clk?jk=2cb11db02eac5bb4&fccid=3a429036b3725efa&vjs=3,False
Data Analyst,,https://ca.indeed.com/rc/clk?jk=782619725ca740fe&fccid=0d24f3d7d05a03be&vjs=3,False
Data Business Analyst (Toronto),,https://ca.indeed.com/company/Just.Be/jobs/Data-Business-Analyst-114cff1d779629e7?fccid=f5e56953d86cea57&vjs=3,False
Data Analyst,"$80,000 - $90,000 a year",https://ca.indeed.com/company/White-Ash-Group/jobs/Data-Analyst-92f055b0a90ded93?fccid=5174869c732f070e&vjs=3,False
"Data Analyst, Health & Safety Reporting & Metrics",,https://ca.indeed.com/rc/clk?jk=49d3ee39b6239aaa&fccid=537b899e30af3338&vjs=3,True
Sr. Business Analyst,,https://ca.indeed.com/rc/clk?jk=c0441843fea4ab5b&fccid=f057e04c37cca134&vjs=3,True
Data Analyst (SQL+ETL),,https://ca.indeed.com/pagead/clk?mo=r&ad=-6NYlbfkN0CE3i-xGI4I9OpWckzYv-8KBxSJXGo3ESvPoZ67meN8_uan52fLSo7AaI_X4kInyp5lL0df3kDFzok6ymceRZpsmAofpm2VoV8c3GCd8SAPJBGGucPrqy-YLClH7SzcqK_515qYS2dua0s-2SHWFMCf4B1Wa8M7dYPKEUw4JnO1w6_3eBGfSZQwDJCwBLpC1zq0QISgcPMjt7n6_VSjr-larqx8ZVrarmzy2Gqpg2bPY7AS0_hB0vP7tggYK9Vzj_9FLOjrXTuNCuLjzSMjh8L9451HiL7NszW3fojX6HWRCkJRgz96c6WiFu3CyDMCZ47FQKvWcolVWPUKXP7JM_Tk4WqaFtCdhtFuRGNoA3PELzQZY7oMOpcM15Cp67NRvsnXmPPwbyK1kqeqtlJNSbFAtmMePH1WYeQSvRmZYhVbuxM5f6X0WEa0R3kXGDRhA7j780Q5U4vYOgUfPlnSmpqFSq3QvY-IpQU=&p=0&fvj=1&vjs=3,False
"Data Analyst, Summer 2022 Student Opportunities",,https://ca.indeed.com/rc/clk?jk=2565e400c1fe9ba5&fccid=537b899e30af3338&vjs=3,True
Data Analyst NOC-2172,"$6,638 a month",https://ca.indeed.com/company/hbimsw.ca/jobs/Data-Analyst-Noc-0ad56fa53c71d61d?fccid=40dfdaec8d1417f0&vjs=3,False
Data Analyst (Remote in Canada),,https://ca.indeed.com/company/InteraXon/jobs/Data-Analyst-e472f1265629831b?fccid=1fc1efce6d60cd16&vjs=3,False
IT Data Analyst III,,https://ca.indeed.com/rc/clk?jk=9fe4e435d0ad6208&fccid=d7114f1cac8d0711&vjs=3,False
Data Science Analyst,,https://ca.indeed.com/rc/clk?jk=07c2dedb9972cd0c&fccid=2e16043297423070&vjs=3,True
Data Analyst,$50 - $65 an hour,https://ca.indeed.com/company/www.dawninfotek.com/jobs/Data-Analyst-53e7925a31cf6153?fccid=b92bdfc2ac8613c3&vjs=3,False
Junior Data Analyst,"$45,000 a year",https://ca.indeed.com/company/Delvinia/jobs/Junior-Data-Analyst-fc91e0d3806a3c48?fccid=e1fe1efe2ecb95ed&vjs=3,False
"Data Analyst (Fixed-Term, 12-months)",,https://ca.indeed.com/rc/clk?jk=956402583f4a407a&fccid=13a3479abac5f822&vjs=3,False
Jr. Data Analyst,"$40,000 - $45,000 a year",https://ca.indeed.com/company/Flex-Surveys/jobs/Junior-Data-Analyst-f02ceafddcf92f21?fccid=25edde9d786f2c99&vjs=3,False
Data Analyst IV,,https://ca.indeed.com/rc/clk?jk=ae6990950e671de5&fccid=d7114f1cac8d0711&vjs=3,False
Data Analyst,,https://ca.indeed.com/company/Clutch-Canada/jobs/Data-Analyst-d0b4bb99133f38ec?fccid=5fb79bf1f6da0240&vjs=3,True
Business Analyst,,https://ca.indeed.com/company/MSi-Corp/jobs/Business-Analyst-5b3a04ed12bc059d?fccid=183e06e7def5a52c&vjs=3,False
Fraud Analyst (New / Recent Graduate),,https://ca.indeed.com/pagead/clk?mo=r&ad=-6NYlbfkN0CAu63qYmF4ruMsyyhkvi8oPoP2sFN7ueC2iu3o-4MDNmzeq_4XpHC_zpjoHss10xl4Ch9m9fkYOjP_MpUAEs0zZGLp82aKd8KuyT1OhovyNED13NmnrGmAQ7t2NCHDteFWFoWDY7ayzWOVaOqzY1jT2bi-4yQT0PAbt8SLmPKyQxxEcpEtbCtQadW422RsP0U9i0Uhxx3AWeVVcQSNFS8ywHgHDAM6PzjkmCczIwmdi2v5xA0AzY-RTqMCQd_GncNCQURs1CtbC73rSNf3pPmfSSjNfCBydvgggoABMKpQS_Dx-FtT2KBksnOHujt7QRsj2de3vxQ0LqEVY6FjlVDVJS0D1yDtNd6ySh_5hQWfYOYhfVL0VtTGOev9mnaaG5lzWrs4bQ7iHQh7HHD_SODmLnsgZdHjSxEUhznBdcrx-B_tpvtMg2JPnxMYW6AmUnEeVOQybgmiHbIxhPkAQLrbkoAnTDIHfbQLPH8IhLP4Bbhy-2aIAuLjRP-kc9errs3RQtbqliR_Duz4FtcRzSd8B1hYQVEfqlT1DXdwyTqFZb0_g1ZN2f57MFeZEojhsr7eOFQVS2aS0W5Z47x8QxNL&p=0&fvj=0&vjs=3,False
"Marketing, Data & Insights Analyst - Toronto, ON",,https://ca.indeed.com/pagead/clk?mo=r&ad=-6NYlbfkN0Dq7qPB-BUOT8Prf7tf9oqq_Jnqv4qEOhMuUzr9XeuScyT2zg6V7kE0NAOL_NEG55fch5-ux5gS8l0RuiI6yfR8MC-O1pv0n1-OIGJX4tAv9iA0beZq4N4ovbfqWcmv3TQZh4eabaYegUhxJfi6iKh_P74HTPZgCXdoqrQ5qKjS-KLvnoiZUniOiWFKKTa3STLqOD4vEPuwb5znpqT6WWrmcaDPU5TT-kUjrhyXJ9lRDNKB3VeQ8BGtzpqjI-pMClF92Iy-neym7TrR3FsxaDHvWO8b2WR-ohxd7cXBvkUhMP7kKa-NKchwnwwNEjdv4Q_LLcgZSQCeklI0DIMbggwX7AjShStviOg7SWH0cJXFe4KC3MO30qoIu-Tsy6OhnTnTPA6NZK0zFp8xYrwrDVk9vIb3KBZrpqWiHhHGKgwL5n5uCJ4qSwzBdG82l5azBwWGq9KJUqlybAVk9UKeSZ3mccJB8VVUKkoSI5zHO_OF3lV5wjabYpwk_eOeA8Gcrf1_Kef2VCPiHGXhzswxtyY4CgVtbJ-0lCda1Xtn5JqFnufxjxm1HUSd&p=1&fvj=0&vjs=3,False
Data Governance Analyst,"$85,000 - $110,000 a year",https://ca.indeed.com/pagead/clk?mo=r&ad=-6NYlbfkN0BZsFbEUzSjziILc85dyrUrMWpCzX99yHdunf-WqboqG3ZWT4n2s03hiiX_zJ8tPBUvCK2VLyM7MFDwkxoGs_rj_AhIgpXiaxtXv9r-K3bqITmj81KwD0Ndli49osQDSIBsswoBYvgp7D_JB-CXSF3BcfzCATBj3QBTK7DkcsrxhkWAjoM_nQ4MkjLvEy53vnx6zIK24ho4RHKGZLWdhMKvWgwZ-B8S338vM5mXW9H3MsuTadWXcVPMRwJ-NQyoNphWJErq7hgVy6urR27EYtxLEY3vYhI-SH9uoaeyYFlw-UhS6sc2WkhXs_uLX--uNkT4aCg0s1I4r42uDuL1HhnGSaSN7XAo4NdJ0xo2_hACrI35iQmdkSOYWo3sGgVr6_w2cB5Y38uj3ZqFdoY9qD6Cnb096tYmB1QLheXCU_jisHugnZrxJT5kPBtQ3IUQHfRYxF_b7kYm3ohVToESquYyvHF65EjtYc_3-49jhBmwhg==&p=2&fvj=1&vjs=3,False
Data Analyst,,https://ca.indeed.com/company/Clutch-Canada/jobs/Data-Analyst-d0b4bb99133f38ec?fccid=5fb79bf1f6da0240&vjs=3,True
Business Analyst,,https://ca.indeed.com/company/MSi-Corp/jobs/Business-Analyst-5b3a04ed12bc059d?fccid=183e06e7def5a52c&vjs=3,False
Business Analyst,,https://ca.indeed.com/company/Total-Credit-Recovery-Ltd/jobs/Business-Analyst-ed59bdcf27ced66f?fccid=c412657cf6a066c1&vjs=3,True
Data Analyst - Creative Destruction Lab,,https://ca.indeed.com/rc/clk?jk=d93e4ccff1615612&fccid=986361104086c3ae&vjs=3,False
Data Analyst,,https://ca.indeed.com/rc/clk?jk=0fc800066770eada&fccid=354f4c12e3c6bd5a&vjs=3,False
"Business/Operations Analyst, Summer 2022 Student Opportuniti...",,https://ca.indeed.com/rc/clk?jk=5047fbd8b086d832&fccid=537b899e30af3338&vjs=3,False
Data Analyst (Toronto Remote),,https://ca.indeed.com/rc/clk?jk=f6b901fc4ac82097&fccid=7136762d065a5ad7&vjs=3,False
"Data Analyst, Business Intelligence",,https://ca.indeed.com/rc/clk?jk=d7df5a45e3c6f227&fccid=b726a5ebc0841dee&vjs=3,False
"Analyst, Data & Analytics Access Mgmt.",,https://ca.indeed.com/rc/clk?jk=2cb11db02eac5bb4&fccid=3a429036b3725efa&vjs=3,False
Data Analyst,,https://ca.indeed.com/rc/clk?jk=782619725ca740fe&fccid=0d24f3d7d05a03be&vjs=3,False
Data Business Analyst (Toronto),,https://ca.indeed.com/company/Just.Be/jobs/Data-Business-Analyst-114cff1d779629e7?fccid=f5e56953d86cea57&vjs=3,False
Data Analyst,"$80,000 - $90,000 a year",https://ca.indeed.com/company/White-Ash-Group/jobs/Data-Analyst-92f055b0a90ded93?fccid=5174869c732f070e&vjs=3,False
"Data Analyst, Health & Safety Reporting & Metrics",,https://ca.indeed.com/rc/clk?jk=49d3ee39b6239aaa&fccid=537b899e30af3338&vjs=3,True
Sr. Business Analyst,,https://ca.indeed.com/rc/clk?jk=c0441843fea4ab5b&fccid=f057e04c37cca134&vjs=3,True
Business Systems Analyst - Big Data Experience,,https://ca.indeed.com/pagead/clk?mo=r&ad=-6NYlbfkN0DrogmZm_ioA31LIt7fCuO6mizEVMU1WEMzpJ_bjbHLBLArP7YpXIoEGoNNm-On65ux01dYuomC2IZFE4n1c8CTbTJ4CkxU-UhByfghHMwly7m5d2J62yXskQ2nHtesIJku1btPDmBjSSdxDjbT4HITYer8ZO1y8riFUMjmysIQGtzHQg8kCrTfvVFlioONXKt45BNvBRkI8FHE9A1XwEYRnggpxI5GS66C-on6lgsIHiqrdRo-cQ2AG4HPbAqDxlnWVR1ttb8w0KLTMcQiSJg94o9RnnbzwEVQfxEqwlenDqGxQh7_orwbvKk2NqPzTn945_UOnh7qzU1SIhITrmouW4v5BnywixEthzQkEXvnNtzkKa6TSHhZZxJaHfuoO1118VszaZ-1dSCpEjKaOgSzf-sU-OfVzc7i2AGxaB0u4Lzs_fTuqfsUvTEQCt6NACsNW0DQ58qpKb3sRqGb5cPfx1TSjtlZUeqslrgf1jnVg9GjlYVh-STyDehJtrmPgUuJTi3N3gdtIg==&p=0&fvj=1&vjs=3,False
Business Analyst / User Acceptance Tester (UAT),,https://ca.indeed.com/rc/clk?jk=07ae172b4087dd88&fccid=ed81336789a877c2&vjs=3,False
Data Science Analyst,"$62,166 - $77,688 a year",https://ca.indeed.com/rc/clk?jk=bbed9a8359179d5d&fccid=2bef55e014d470c4&vjs=3,False
Business Support Analyst (Customer Service),"$70,000 - $80,000 a year",https://ca.indeed.com/company/Common-Wealth-Retirement/jobs/Business-Support-Analyst-be470f9bb040335e?fccid=cab1bbf01d5e7a02&vjs=3,False
Business Intelligence Intern,,https://ca.indeed.com/rc/clk?jk=1f32852de2721a4c&fccid=e967e2adf60716db&vjs=3,False
AML Analyst,$20 - $60 an hour,https://ca.indeed.com/company/the-AML-Shop/jobs/Aml-Analyst-89a141cb180eb580?fccid=6b6c64f754a631fd&vjs=3,False
Data Analyst,,https://ca.indeed.com/rc/clk?jk=7caafd96057cf256&fccid=b3568b43a02940b1&vjs=3,False
Process Automation/Data Analyst,,https://ca.indeed.com/rc/clk?jk=01faf5b548522fb8&fccid=5d3ed74ca4598964&vjs=3,False
Data Analyst,"$60,000 - $70,000 a year",https://ca.indeed.com/company/Ontario-Council-on-Articulation-and-Transfer/jobs/Data-Analyst-631afd1df554ea31?fccid=d8834da5d3d2c9bd&vjs=3,True
"Analyst, Business Intelligence",,https://ca.indeed.com/rc/clk?jk=7f52e40346bf010b&fccid=b726a5ebc0841dee&vjs=3,False
Product Data Analyst,,https://ca.indeed.com/company/Perpetua/jobs/Product-Data-Analyst-8b79773c9725f277?fccid=a00f1912ba0e5a8a&vjs=3,False
Sales Data Analyst,,https://ca.indeed.com/rc/clk?jk=bc80e0bf8782f760&fccid=8c0f957d3a36bdeb&vjs=3,False
Business Systems Analyst I,"$55,000 - $65,000 a year",https://ca.indeed.com/company/Portfolio-Aid/jobs/Business-System-Analyst-ebed19dd7642accf?fccid=572339ec41d6d0d9&vjs=3,False
Data Analyst,,https://ca.indeed.com/company/AdvantAge-Ontario/jobs/Data-Analyst-5b96227d4ccaa859?fccid=f29a96ff69fb2a26&vjs=3,False
Data Analyst - theScore Bet,,https://ca.indeed.com/company/theScore/jobs/Data-Analyst-49e75f6e0c77b9d2?fccid=61886c0c5a7451c8&vjs=3,False
Senior Risk Data Analyst,,https://ca.indeed.com/rc/clk?jk=670e96c8ca1d9146&fccid=d5a5824be27ba831&vjs=3,False
STATISTICIAN AND RESEARCH ANALYST,"$71,381 a year",https://ca.indeed.com/rc/clk?jk=69b2481235a89095&fccid=e26b40fc098d20e4&vjs=3,False
"Analyst, Mutual Funds",,https://ca.indeed.com/rc/clk?jk=72cde94291dbefc2&fccid=3a429036b3725efa&vjs=3,False
Data Analyst,"$3,000 - $3,200 a month",https://ca.indeed.com/company/RMSI-Inc/jobs/Data-Analyst-fc709c6678848f24?fccid=ec298d344d60301f&vjs=3,False
Institutional Analyst,,https://ca.indeed.com/rc/clk?jk=bc0bdccb9c0b48d9&fccid=537b899e30af3338&vjs=3,False
Business Analyst,,https://ca.indeed.com/rc/clk?jk=9a0fa4fbc70cb9b2&fccid=915628603ff911ad&vjs=3,False
Research Analyst Intern - Summer 2022,,https://ca.indeed.com/rc/clk?jk=c65fbf798707e3c5&fccid=4867f0e75c4d6ed6&vjs=3,False
Client Experience Analyst,,https://ca.indeed.com/company/People-Corporation/jobs/Client-Experience-Analyst-564f9074a8f0675a?fccid=32e135964a3d9c32&vjs=3,False
Business/Data Analyst,"$100,000 - $120,000 a year",https://ca.indeed.com/rc/clk?jk=b66e6a589b198ece&fccid=7e646b8cb4a11b13&vjs=3,False
Data Analyst - Remote,,https://ca.indeed.com/rc/clk?jk=a8d29e231c30760e&fccid=4bcbc8cc86f1169e&vjs=3,False
Category Business Analyst – Child Travel & Baby,,https://ca.indeed.com/rc/clk?jk=567773c4cc3c903b&fccid=2e16043297423070&vjs=3,True
Junior Business Analyst,,https://ca.indeed.com/rc/clk?jk=6df9bffcdc0723d2&fccid=2fd2931f37a48e59&vjs=3,False
"Lead Data Analyst (Toronto, ON)",,https://ca.indeed.com/rc/clk?jk=67c3d455a80b4d40&fccid=537b899e30af3338&vjs=3,True
HRIS Analyst - Remote,,https://ca.indeed.com/rc/clk?jk=1b8ba5724a07f357&fccid=facab5dee1aa0a96&vjs=3,False
IT Reporting Analyst,,https://ca.indeed.com/rc/clk?jk=92218bf4d20acbdd&fccid=3639654bd4055c70&vjs=3,True
Revenue Management Analyst,,https://ca.indeed.com/rc/clk?jk=98d9786eecb1cd8e&fccid=2a2ba836c1082d47&vjs=3,False
"Lead Data Analyst (Toronto, ON)",,https://ca.indeed.com/rc/clk?jk=67c3d455a80b4d40&fccid=537b899e30af3338&vjs=3,True
HRIS Analyst - Remote,,https://ca.indeed.com/rc/clk?jk=1b8ba5724a07f357&fccid=facab5dee1aa0a96&vjs=3,False
IT Reporting Analyst,,https://ca.indeed.com/rc/clk?jk=92218bf4d20acbdd&fccid=3639654bd4055c70&vjs=3,True
Revenue Management Analyst,,https://ca.indeed.com/rc/clk?jk=98d9786eecb1cd8e&fccid=2a2ba836c1082d47&vjs=3,False
"Analyst, Cyber Security Operations Centre",,https://ca.indeed.com/rc/clk?jk=199b38ad77d8c2f1&fccid=fb805c6a170f5f18&vjs=3,False
Business Analyst,,https://ca.indeed.com/company/Motoinsight/jobs/Business-Analyst-a70a147dbc844cd5?fccid=dc87345119fe5575&vjs=3,False
TELUS Summer Coop/Student Position: Business Information Sys...,,https://ca.indeed.com/rc/clk?jk=8ea418dd671ca2c3&fccid=ed81336789a877c2&vjs=3,False
Business Analyst,"$55,000 a year",https://ca.indeed.com/company/Fulfillment-IQ/jobs/Business-Analyst-47fea5a8437d8e2d?fccid=a86ce4e47f7a066a&vjs=3,False
Jr. Data/Reporting Analyst,,https://ca.indeed.com/rc/clk?jk=2eb25392f65571fd&fccid=ca1eb7a6353c159a&vjs=3,False
Big Data Application Support Analyst,,https://ca.indeed.com/rc/clk?jk=27b092ca04aba636&fccid=d7114f1cac8d0711&vjs=3,False
"Business Analyst, GSC",,https://ca.indeed.com/rc/clk?jk=735fe8e76a231088&fccid=be90d89fb010b0bf&vjs=3,False
Supply Chain Analyst,,https://ca.indeed.com/rc/clk?jk=b0263d98d72a0fa4&fccid=cbda9e3eac3bb996&vjs=3,True
Data Analyst,,https://ca.indeed.com/rc/clk?jk=41e0fe5a1b6f1e2c&fccid=43a69183767d4301&vjs=3,False
Junior Business Analyst,,https://ca.indeed.com/rc/clk?jk=d299d9d39d4d0ef4&fccid=33acc38b1b0a2060&vjs=3,False
Business Analyst,"$51,000 a year",https://ca.indeed.com/rc/clk?jk=9289aa9369d5af81&fccid=02e72612c7c0d1ce&vjs=3,False
Supply Chain Analyst,,https://ca.indeed.com/rc/clk?jk=b0263d98d72a0fa4&fccid=cbda9e3eac3bb996&vjs=3,True
Data Analyst,,https://ca.indeed.com/rc/clk?jk=41e0fe5a1b6f1e2c&fccid=43a69183767d4301&vjs=3,False
Junior Business Analyst,,https://ca.indeed.com/rc/clk?jk=d299d9d39d4d0ef4&fccid=33acc38b1b0a2060&vjs=3,False
Business Analyst,"$51,000 a year",https://ca.indeed.com/rc/clk?jk=9289aa9369d5af81&fccid=02e72612c7c0d1ce&vjs=3,False
Modelling/Forecasting Sr Analyst,,https://ca.indeed.com/rc/clk?jk=181d25b0e82e3db7&fccid=d7114f1cac8d0711&vjs=3,False
"Analyst, Tech Control Testing",,https://ca.indeed.com/rc/clk?jk=970edf8ff2987bc9&fccid=3002307a9e5b4706&vjs=3,False
Data Analyst,,https://ca.indeed.com/rc/clk?jk=4877e152e13b2e98&fccid=5bcd1ef0a7f4fb99&vjs=3,False
Data Analyst,,https://ca.indeed.com/rc/clk?jk=7a13e18c55cecd01&fccid=b9c095311d89cb77&vjs=3,False
Summer 2022 Co-op: Data Experience & Business Analyst,,https://ca.indeed.com/rc/clk?jk=4f0127277757ce64&fccid=b5583ca8df6a68c3&vjs=3,False
Data Visualization Specialist,,https://ca.indeed.com/rc/clk?jk=537313d50f90bbb3&fccid=3639654bd4055c70&vjs=3,True
"Analyst, Digital Product & Customer Analytics",,https://ca.indeed.com/rc/clk?jk=51cc485c89ac89b7&fccid=2e16043297423070&vjs=3,False
Business Analyst,,https://ca.indeed.com/company/Resolute-Technology-Solutions-Inc/jobs/Business-Analyst-764d10ce2d7b85b1?fccid=6894cee0884477f7&vjs=3,False
Part-time Research Analyst,$22 - $25 an hour,"https://ca.indeed.com/company/Ontario-Tobacco-Research-Unit,-University-of-Toronto/jobs/Part-Time-Research-Analyst-c0ea18603844a2a9?fccid=9614f60ed59b5958&vjs=3",False
Product Data Analyst,,https://ca.indeed.com/rc/clk?jk=a4fae4d1f18cb7ae&fccid=0d24f3d7d05a03be&vjs=3,False
Data Analyst,,https://ca.indeed.com/rc/clk?jk=2358738e9e62f35a&fccid=2df6a1e69a70a1e7&vjs=3,False
Business Analyst,,https://ca.indeed.com/company/Foxquilt/jobs/Business-Analyst-357565c89c615969?fccid=0fc93166d4652d88&vjs=3,False
Business Analyst,,https://ca.indeed.com/rc/clk?jk=2b6baa7a37b56a7c&fccid=537b899e30af3338&vjs=3,True
Data Analyst,,https://ca.indeed.com/rc/clk?jk=a2aa597b39bd1f3b&fccid=90a879ec57bb8dcb&vjs=3,False
Business Systems Analyst III,,https://ca.indeed.com/rc/clk?jk=886a936d883bfed6&fccid=d7114f1cac8d0711&vjs=3,False
Data Quality Analyst,,https://ca.indeed.com/rc/clk?jk=a699c49d090c2cb9&fccid=9997d9956aec4c4f&vjs=3,False
Data Analyst,,https://ca.indeed.com/rc/clk?jk=8259e75c4c4c62c5&fccid=b7c8bc97151e1c48&vjs=3,False
"Business Analyst, Analytics and Automation",,https://ca.indeed.com/rc/clk?jk=a450f9b0f01f2c13&fccid=9aa40cd2accb7367&vjs=3,False
"Senior Analyst, Business Intelligence & Reporting",,https://ca.indeed.com/rc/clk?jk=e93e0b54ad09313f&fccid=fd5fe36fc41af604&vjs=3,False
Operations Analyst - New Grad Program,,https://ca.indeed.com/rc/clk?jk=6fd093bae8e701bf&fccid=3c8d88ba21d4badb&vjs=3,False
Senior Data Analyst,,https://ca.indeed.com/rc/clk?jk=90075dba284f70d6&fccid=ea2f3473c53cb525&vjs=3,False
Operations Analyst,,https://ca.indeed.com/rc/clk?jk=973701024a2d2350&fccid=43a69183767d4301&vjs=3,False
SENIOR BUSINESS ANALYST,"$74,877 - $110,338 a year",https://ca.indeed.com/rc/clk?jk=27ba983ca1c50c94&fccid=6147701bd14f2451&vjs=3,True
Data Analyst (Growth-Marketing),,https://ca.indeed.com/company/Game-Hive/jobs/Data-Analyst-f2cdc83be27c5df7?fccid=14fcbdb0bd2b535f&vjs=3,False
Resource Management Data Analyst,,https://ca.indeed.com/rc/clk?jk=173f0e596e5ab13f&fccid=b17275e0e2e94bdf&vjs=3,True
Analyst - Decision Support,$31.88 - $39.00 an hour,https://ca.indeed.com/rc/clk?jk=0856443985787fb9&fccid=2bef55e014d470c4&vjs=3,False
Product Data Analyst,,https://ca.indeed.com/rc/clk?jk=4466c7bc882b9a0a&fccid=b7254da6203c84b3&vjs=3,False
Business Analyst,,https://ca.indeed.com/company/Plan-Group/jobs/Business-Analyst-1c969585372a9156?fccid=4d39968e1da6faa3&vjs=3,False
Analyst - Retail,,https://ca.indeed.com/rc/clk?jk=1926c622fc52393c&fccid=7cb2f2a8d7f35bee&vjs=3,False
Planning Improvement Analyst,,https://ca.indeed.com/rc/clk?jk=3e38c4ad9d6d2368&fccid=1cd7bac8475b31c6&vjs=3,False
Big Data and AI Analyst,,https://ca.indeed.com/rc/clk?jk=d591f71cb629232d&fccid=5d784228b1eee537&vjs=3,False
Data Analyst,,https://ca.indeed.com/rc/clk?jk=584bda13474ff280&fccid=46ea6f509dcaed61&vjs=3,False
Data Remediation Analyst,,https://ca.indeed.com/rc/clk?jk=786b6afdaf8bdf7c&fccid=d7114f1cac8d0711&vjs=3,False
"Intern, Business Intelligence, Data Engineer",,https://ca.indeed.com/rc/clk?jk=b53df738704913a9&fccid=b726a5ebc0841dee&vjs=3,False
Geospatial Data Analyst,,https://ca.indeed.com/rc/clk?jk=ef372ded7b98d7cd&fccid=bfb6e6f5f56e4764&vjs=3,True
Junior Business Analyst,,https://ca.indeed.com/company/JAM-Direct/jobs/Junior-Business-Analyst-6d4a32107ed40ddc?fccid=bf93198521f51a15&vjs=3,False
"Senior Analyst (RE-05), Risk & Data Analytics","$92,600 - $119,300 a year",https://ca.indeed.com/rc/clk?jk=2218ae9fa09d98ad&fccid=8aa619a8c406ac17&vjs=3,True
Business Intelligent Analyst,"$65,000 a year",https://ca.indeed.com/company/KMH-Cardiology-Centres-Inc./jobs/Business-Intelligent-Analyst-75f2ab53b9d73006?fccid=f0207c1614557af3&vjs=3,False
"Analyst, Tax - Transfer Pricing [Summer Intern 2022]",,https://ca.indeed.com/rc/clk?jk=7ac445f4f1bad9b9&fccid=7ac82fceed64aa81&vjs=3,True
Data Integrity Analyst Surgical Program (NSQIP),,https://ca.indeed.com/rc/clk?jk=2c3004631ee3dec7&fccid=1e90be9374de5a8b&vjs=3,False
Data Analyst,,https://ca.indeed.com/pagead/clk?mo=r&ad=-6NYlbfkN0BbF-KjdQRNlRBoxYAUEmnFGruzAMHGeZxEvq_YdqVparusL-QhxX-hciCDhRfRiICfg5T4wEQ8T3_WJDbn-pK45r9OYzmxpwJiL1kJTzU-F0rYByDT0_VN_vSoTe8lUujCeN_yvFPw-fil3NdJm8kwiKNo0G0bKS_16QgW3VIIyBs6AwK2T1XCvgByDMGBGLbcGfMDp0zfx5up3NQyfGQYrXjdTs5QTRn51bWfKJScQXXRcuO-j1PsZaienBbKA5g0VJ61F24K5TvJZvzlPKSV4Qm-5eYuudq8COl3BxI-D3zjf5eb6iLwgSJVeS8Fz1TI81yY4xDJvAjlvfctkxhTP3he8nueJ3SCMqhNmJmNwkc8tofCoQ2KsN8cq2e2lwXL--VQ3wdnyyPUBR8ccftpTLchDeeVLjDCCv6uFEZQxkautwrQS23OHKNjzvln3S3irUG2nxV0ndVG5zjTYrmvG5_5sPlMF4HpOM2y95jxENZ3msGlL_vAcTPPfboFcPUDporzAUqX8Lf2zUXT3yql3ZcMsoBf4H_LbsfbMtCQEFIM4rwAIPi2SYe_iF4ZCWIVITM-rhY8nmQvWDqEAM43&p=5&fvj=0&vjs=3,False
Data Analyst,,https://ca.indeed.com/company/Stack-IT/jobs/Data-Analyst-c0330104239ff429?fccid=57f6df36ec389c86&vjs=3,False
Data Analyst - theScore Bet,,https://ca.indeed.com/rc/clk?jk=bdab4a170343170c&fccid=756792e6074f86f0&vjs=3,False
Business Systems Analyst III,,https://ca.indeed.com/rc/clk?jk=886a936d883bfed6&fccid=d7114f1cac8d0711&vjs=3,False
Business Analyst,,https://ca.indeed.com/company/Emonics-LLC/jobs/Business-Analyst-b9f0ff9d9c9a03da?fccid=5275edd1f3f2b774&vjs=3,False
Junior Patent Analyst,,https://ca.indeed.com/company/Innovation-Asset-Collective/jobs/Junior-Patent-Analyst-8424082e64615272?fccid=3d671c24cb28d1b3&vjs=3,False
Data Analyst,,https://ca.indeed.com/company/Mawer-Investment-Management-Ltd./jobs/Data-Analyst-28a53a1a902855f6?fccid=349df2b00601443f&vjs=3,False
Technical Analyst (Critical Facilities/Data Centres),,https://ca.indeed.com/rc/clk?jk=b8f7d27d9ac5b991&fccid=3002307a9e5b4706&vjs=3,False
Business Analyst - Hybrid,,https://ca.indeed.com/rc/clk?jk=75d6911da4f26edc&fccid=834cd83e24f97484&vjs=3,False
"Senior Analyst, Business Analytics, Performance Management D...",,https://ca.indeed.com/rc/clk?jk=1c1becf934e6a596&fccid=f99648405c7e9e3a&vjs=3,True
Business Analyst,,https://ca.indeed.com/rc/clk?jk=19da5257e5ddb3d0&fccid=01a5b39f260f43cd&vjs=3,False
Planning Analyst,,https://ca.indeed.com/rc/clk?jk=c1c28c6630e8ec83&fccid=f8178226893d249d&vjs=3,False
Data and Research Analyst,"$56,213 - $63,808 a year",https://ca.indeed.com/company/Youthlink/jobs/Data-Research-Analyst-7ad4883e3dad6be9?fccid=a1e12f85cafa63dc&vjs=3,False
Risk Analyst,,https://ca.indeed.com/rc/clk?jk=6578646f624bea74&fccid=da7e311c317bdfb0&vjs=3,True
"Data Analyst, Growth",,https://ca.indeed.com/rc/clk?jk=32a156fe1b10d8f2&fccid=dca2e344433f10ee&vjs=3,False
Lead Data Analyst - Remote,"$100,000 a year",https://ca.indeed.com/pagead/clk?mo=r&ad=-6NYlbfkN0DhEKUvdCKx0uHayhhGdArhclzBPbbmRYgRAr6kXNDNtW2xr7etK545jmHd6d_3EL2B7MvI9Tvg7g7l9QthRkitfF8u7f3cQpdjUGfUgBXTqa2du_YO8ul47ynthymFCv6lgTZdfIrxIvZWj35q-WsigEgILF_xTChngG3yspH23ZYyMhXbBG9RmV6Rwxu-mLdtIBlgFGQORkwQY57YkoQr76iU4eaVOvWJ7kYTnj9aX8nBa3z-7LJX53UsmIuxlBTm4Isxx_flQqzPm9AytfjuUe5L185CmxjkezYdrqvGGINJy5G839GTithsU3-aiuJs4crts5O7Q513hPv3yZqXMOVdRhkF4EddYWRyqGEGfdbyPywjjFYVyjT4qHj2TAhXI-BM5-drXe1TtvoYm9EE7nQwD_TsaJf4ZK-sRHKC-M0sBCtWIYplH1P8vxgOiotoKgxBK8dyGs3dtPpcBnnhlZXxLfEjm89JTtdrEk8wJJYtmYuFBLMD7qj4SDvyCfbg-0qpvPjchJ5Z3afva3SHssGHcSodWuKSzJNNj2zIFA==&p=9&fvj=0&vjs=3,False
Business Analyst / Coordinator,,https://ca.indeed.com/rc/clk?jk=4e386a26be861785&fccid=537b899e30af3338&vjs=3,True
Technical Analyst (Critical Facilities/Data Centres),,https://ca.indeed.com/rc/clk?jk=b8f7d27d9ac5b991&fccid=3002307a9e5b4706&vjs=3,False
Risk Analyst,,https://ca.indeed.com/rc/clk?jk=6578646f624bea74&fccid=da7e311c317bdfb0&vjs=3,True
Summer 2022 Business Intelligence & Analytics Internship,,https://ca.indeed.com/rc/clk?jk=91b359784817ede4&fccid=614604a6208fa23b&vjs=3,False
Data and Research Analyst,"$56,213 - $63,808 a year",https://ca.indeed.com/company/Youthlink/jobs/Data-Research-Analyst-7ad4883e3dad6be9?fccid=a1e12f85cafa63dc&vjs=3,False
Business Analyst,,https://ca.indeed.com/rc/clk?jk=2d936af43fb3fb27&fccid=31f5b5274822bd3b&vjs=3,False
Data Analyst,,https://ca.indeed.com/rc/clk?jk=58b3da505c5dbbb6&fccid=041c6d99171d1471&vjs=3,False
Data Analyst,,https://ca.indeed.com/rc/clk?jk=c9104ba301373fcc&fccid=cc0861c00ab24001&vjs=3,False
Data Strategy Analyst/Sr. Analyst,,https://ca.indeed.com/rc/clk?jk=1e74c420ee5127e6&fccid=4027cfd917e1ee29&vjs=3,False
Data Analyst,"$70,688 a year",https://ca.indeed.com/rc/clk?jk=a92d05feff33f0e0&fccid=78311129365d34c7&vjs=3,True
"Senior Analyst, Canadian Fixed-Income Operations",,https://ca.indeed.com/rc/clk?jk=71660073f7cecf78&fccid=3a429036b3725efa&vjs=3,False
Business Analyst,,https://ca.indeed.com/company/Anurish-Tech-Consultants/jobs/Business-Analyst-ffc43f712f48ccd9?fccid=732bb95969fdc1e5&vjs=3,False
Transfer Pricing Analyst,,https://ca.indeed.com/rc/clk?jk=ce49ff70ac2521cc&fccid=3639654bd4055c70&vjs=3,True
Systems Analyst,,https://ca.indeed.com/pagead/clk?mo=r&ad=-6NYlbfkN0BxAfVJTrv8cCykM9OhVlfMydtTcLlSuRpYb5_3CDTPwdd4uKfvnZDAv6Y1z7c6RYGR0hR_NxpjGEqNyBjI_jzSecJjxCSZ5GHnaTSKrJ9PkaGQ-7YPO1bTKIEU41yRCpxTneJaxkoPA7FOj8UYjvuTm-C_kOMpNEIImew5RpK608T2MsueAGijBS4lq40hQ4x07eOqouxNA5jN8AjURIqj6cGJDP9ox52Uc155BflVMdFPjWufa0aUeQaVgOebHmde4ixnQmhhTAuNSBk2aot7lb_qc-eYL9SdtR5jWSQtAOZkLKrVguW4XDi5njUv-DKXFPycQOw1X2TMqEUAfN33Drky9iFBlAzg3tW4IrTcyO1QA0mHl2R_s2ZRDViD59rFE6U_vzktPCCHCdHDljSN6NhSxoozPh43vEOmc4C8KlA5ep3-t7CsmX37gU9WBGB67Wz8ryXEZuyy8CkriOuB4cLvVDalSHogj0VsYl3qYD-cwhFfCxdOse0gouvVSINuw-OVRKmKauZIDuedKVj1Y4_CtKO5Uq7qlnefC0kOEsykvqprB3Tv5XEPJ3KeNUYx8iNRYLKo8fvm6pKGdBPdAEEBf434Oz2hjJEmHU_Ej9zcnZOH7Q0Lr7c7dC6rMU7SA3nmB4xQIu0zwu8e5nFaWbbnQKicJdU=&p=3&fvj=0&vjs=3,False
Joint Recovery Processing/ Chargeback Analyst - Work from Ho...,,https://ca.indeed.com/pagead/clk?mo=r&ad=-6NYlbfkN0DfTI0o5at5D7hvux9-2F0QqWjdOXtvVWRGKIiecKGiqKYRe0k4RhTlRHfTxOUcXE7N9bQblS_CK8WhuKg96Rj48T_YANbIuQy0AFDFQxJruQyh_wzL68J7BVvme531oJUm6SZ06074whz0Bay3acA8jWfR_DdvStt2S-AX8TCr3QNa2q0j8gO0yJY1enRIW3jzcxpt_WY61kb5tHPHqFWgVfCxy0wbGv9mzWPEXS1g3tt54TxgB8JjEqR7xX6NrXZpgG8Dm4M5FvBCAPaGyxvc9lWQ5YxrYqYcTHJOvxc4ctogwo8Eqk_D-JZksdobcmxEnbNzYGkzNS-weFMUn8GcqXa_-5Bs8fz5TBsMylchlAI_uf_oMwwZvF9cF-eDMsN5lIzBEj7YoN6SMai9C1kRG6vNxl6Fv2X33xju0UJeBEJB3x_PkPt9Ojw9yfmZpLS479q5eGeyXwT_zEGFpSHsia6NqmvN49OFzH9NlkHESDJk4QypxIA21ZtXWEAKoXQJW75B5ucasXHSP3X3IiQRT8-MgxiD8N5VqJ6798oXJo39HMDs75_Z1gni78LmcLXbSx75oNRFzEfgZvJunrFBSO3kgb3O1TkZEgW9GfXObg==&p=10&fvj=0&vjs=3,False
Data QA Analyst,,https://ca.indeed.com/company/FundThrough-Inc./jobs/Data-QA-Analyst-bd67006fbbb43826?fccid=6d8629f2c7aa42b8&vjs=3,False
Technical Business Analyst,"$90,000 - $125,000 a year",https://ca.indeed.com/company/fd-technologies/jobs/Technical-Business-Analyst-cf8215c1bc6af039?fccid=e692c5f0af00c9a4&vjs=3,False
Vulnerability Management Analyst,"$65,000 a year",https://ca.indeed.com/company/Stratejm/jobs/Vulnerability-Management-Analyst-bb1f69b0493ce3f7?fccid=579b79f63be454e3&vjs=3,False
Business Analyst,,https://ca.indeed.com/company/Active-Exhaust-Corp./jobs/Business-Analyst-f0917fe1be8da2b3?fccid=202da39219b5c9b2&vjs=3,False
"People Data Management Analyst , Deloitte Global People, Wor...",,https://ca.indeed.com/rc/clk?jk=bdc362f21f2bf720&fccid=9e215d88a6b33622&vjs=3,False
Power BI Developer,$65 - $75 an hour,https://ca.indeed.com/company/TGT-Solutions-Inc/jobs/Power-Bi-Developer-771e18ccc9732f3e?fccid=1c6e3609a9378848&vjs=3,False
Analyst,,https://ca.indeed.com/rc/clk?jk=6900b28c69454786&fccid=b95f9eb47968fa13&vjs=3,False
Senior Data Analyst,,https://ca.indeed.com/rc/clk?jk=8ba1df603da62002&fccid=0b9e73b562a86ec1&vjs=3,False
Electronic CV System Analyst,"$78,210 - $84,904 a year",https://ca.indeed.com/rc/clk?jk=aaa2b83e067c960f&fccid=78311129365d34c7&vjs=3,True
Business and Operations Analyst,,https://ca.indeed.com/rc/clk?jk=882cb3163e5dd44c&fccid=5c5d5b960980ceb4&vjs=3,False
"Manager, Business Intelligence",,https://ca.indeed.com/rc/clk?jk=3e8c5eb93197e831&fccid=0c90ea93cec973b2&vjs=3,False
Supply Chain Analyst,"$41,600 a year",https://ca.indeed.com/company/Out-of-the-Box-Packaging-Inc./jobs/Supply-Chain-Analyst-9d1bfb6a0eee11a7?fccid=2cd1f6cec945c50d&vjs=3,False
Supply Chain Analyst,,https://ca.indeed.com/rc/clk?jk=a46cf3216f97bf3c&fccid=4a6c4ce2d444d091&vjs=3,False
Business Analyst,,https://ca.indeed.com/pagead/clk?mo=r&ad=-6NYlbfkN0BV44r3JsL9G5QFUaEhBzomR44Tz4lA13r5t6bDJAFqorgPcaLURDGZKKKyd09-FEmis-mrWETSm-Zav7vmz8rrsdudtMR_cgtMO1vGyhmJRb50Dixd-P78TBsKB8ovXb-OcPDWrbuVswsz9MpANtys0E9QScCit1pDFmpzVBzsUVZVCE0JlsDa0nMJYjgFOmKLUZrh3BGN_-AvdWeMVUUXt_NIKlnylPbtshdwk7QbYr-_dKUlRcc6fyU9-pOjCRsrab3sKI2Td-np3HiOSAE9ffqmdaz5JxZwW52VDZMQwWHU4tD6uhv-q9BeDdiEPwkUxKuPda27-a3WD_csPnGI_1_HszXKdFkGGB0KPPNdQu4gq3-0hnZ8aubEvSeKvDDvm1LbJs7H3bIK6K9kHY42KcixrRFG9qcWEewd3KqeGpjZ9fSqigVDh8BQsmtvyQdpoPz2-Ke14eTHja2S0uZG&p=11&fvj=1&vjs=3,False
Business Systems Analyst,"$70,000 - $90,000 a year",https://ca.indeed.com/pagead/clk?mo=r&ad=-6NYlbfkN0CnoDVTfkGd-5xiWLf1A41pZcf2rVZpqkolsf_WWlVUiEfL-BIHRHldr_p5PQgehp90kKidAP1jdVCYt9uhP5dr_a1D5_IfnCERg4zvFej0JepcVr3ly5ikukxhyBywvAw0_P0j-5HCZChoWv_VLqWNlpa8tuDkTaKlTpXUHF0I0Xk4be48AKHLIEMu7uVBxy2AuRB3v3b6_CtCeuqUfAFb2Bg-D3I2TTOh4bBF93msnlKdH4IpOzD2whPiali27jh-CQhtZTTuom-TF-sg-e5oMpkAtPBZnNjIhPx1pMoR2YFxEQ1fvS8qfoHdY2_BviKgaXTIsZWkFSYB2Uv88qzFETGem-aVFA1BJSye3xjpIof4xQH9u2eyXYM4uYmfKPwBxnMEpubW4HmpODq2ZpVunhnwIxFnHD-Swo73qEJpchb2seIMfiTNzpWZLzOXv-oR96axpxjnYQS08lm-QybC7sXf1wOjzzc=&p=14&fvj=1&vjs=3,False
Supply Chain Analyst,,https://ca.indeed.com/rc/clk?jk=a46cf3216f97bf3c&fccid=4a6c4ce2d444d091&vjs=3,False
Biomedical Data Analyst (Remote),,https://ca.indeed.com/rc/clk?jk=45b2321fc5dfa4a2&fccid=cb94cfaf4856cc5b&vjs=3,False
Business Intelligence & Data Analyst,,https://ca.indeed.com/rc/clk?jk=c5aedf187d115c78&fccid=420b591004b16413&vjs=3,False
Database Analyst / Programmer,$60 - $85 an hour,https://ca.indeed.com/company/www.dawninfotek.com/jobs/Database-Analyst-4555c7d81d47a56c?fccid=b92bdfc2ac8613c3&vjs=3,False
Business Analyst,,https://ca.indeed.com/rc/clk?jk=4f7c64051f2c77aa&fccid=bcd3b3ffdbf2bcbf&vjs=3,True
ISO 20022 Analyst,,https://ca.indeed.com/company/Payments-Canada/jobs/Iso-Analyst-c78bb39de4489100?fccid=a286a04a1d0e82e5&vjs=3,False
Digital Business Intelligence Analyst,,https://ca.indeed.com/rc/clk?jk=881876df226a9faf&fccid=b726a5ebc0841dee&vjs=3,False
Business Analyst – Data Modelling,"$60,000 a year",https://ca.indeed.com/company/AstraNorth/jobs/Business-Analyst-Data-Modelling-63b61ad89a253167?fccid=8116154355837827&vjs=3,False
Settlements Analyst,,https://ca.indeed.com/company/DV-Trading-Inc./jobs/Settlement-Analyst-ce8110fb2bc5f642?fccid=0aeb66300c9a172c&vjs=3,False
Graduate Trainee Assistant Analyst - GTA,,https://ca.indeed.com/rc/clk?jk=f573c4b991b48de2&fccid=b469a78c4bb6200c&vjs=3,False
Sourcing Analyst,,https://ca.indeed.com/rc/clk?jk=671a38fd33d4b4b9&fccid=84c23fbcabc14d59&vjs=3,False
People Analytics Analyst,,https://ca.indeed.com/rc/clk?jk=fcd7a9d0c39706bc&fccid=e9e363d6332bc1cd&vjs=3,False
Canadian Banking Intern/Co-op - Business Analyst,,https://ca.indeed.com/rc/clk?jk=e9954cdd95d20686&fccid=3002307a9e5b4706&vjs=3,False
Business Analyst,,https://ca.indeed.com/rc/clk?jk=6e51bb65cf159abe&fccid=1c5b4fadfd55ac91&vjs=3,False
Business System Analyst,,https://ca.indeed.com/rc/clk?jk=1b0c99763c9735a9&fccid=43a69183767d4301&vjs=3,False
Business Analyst – Data Modelling,"$60,000 a year",https://ca.indeed.com/company/AstraNorth/jobs/Business-Analyst-Data-Modelling-63b61ad89a253167?fccid=8116154355837827&vjs=3,False
Settlements Analyst,,https://ca.indeed.com/company/DV-Trading-Inc./jobs/Settlement-Analyst-ce8110fb2bc5f642?fccid=0aeb66300c9a172c&vjs=3,False
Graduate Trainee Assistant Analyst - GTA,,https://ca.indeed.com/rc/clk?jk=f573c4b991b48de2&fccid=b469a78c4bb6200c&vjs=3,False
Sourcing Analyst,,https://ca.indeed.com/rc/clk?jk=671a38fd33d4b4b9&fccid=84c23fbcabc14d59&vjs=3,False
People Analytics Analyst,,https://ca.indeed.com/rc/clk?jk=fcd7a9d0c39706bc&fccid=e9e363d6332bc1cd&vjs=3,False
Canadian Banking Intern/Co-op - Business Analyst,,https://ca.indeed.com/rc/clk?jk=e9954cdd95d20686&fccid=3002307a9e5b4706&vjs=3,False
Business Analyst,,https://ca.indeed.com/rc/clk?jk=6e51bb65cf159abe&fccid=1c5b4fadfd55ac91&vjs=3,False
Business System Analyst,,https://ca.indeed.com/rc/clk?jk=1b0c99763c9735a9&fccid=43a69183767d4301&vjs=3,False
"Investment Analyst – Capital Markets, FICC Trading",,https://ca.indeed.com/rc/clk?jk=c4569a0ad0d90775&fccid=17bf781939cc1c3e&vjs=3,False
"Business Intelligence Analyst, Payment Onboarding",,https://ca.indeed.com/rc/clk?jk=00c128f5a8e9da01&fccid=08bfce1064449178&vjs=3,False
Business Intelligence Consultant,,https://ca.indeed.com/company/Meta-it/jobs/Business-Intelligence-Consultant-5f12fc07e60cf93f?fccid=d314ad972cb806dc&vjs=3,False
Data Governance Analyst,,https://ca.indeed.com/company/Mawer-Investment-Management-Ltd./jobs/Data-Governance-Analyst-c2940d38aeb5ab7c?fccid=349df2b00601443f&vjs=3,False
Senior Growth Analyst,,https://ca.indeed.com/rc/clk?jk=1af2ee114a6fd876&fccid=fa1c05e59455e2d1&vjs=3,False
"Analyst, Business Analytics & Reporting - Personal & Busines...",,https://ca.indeed.com/rc/clk?jk=bc12722168d56b76&fccid=3a429036b3725efa&vjs=3,False
Data Analyst (3-6 Month Contract),,https://ca.indeed.com/rc/clk?jk=3af5fd8c59a09d35&fccid=fc05aa6e31d7d636&vjs=3,False
Data Analyst (3-6 Month Contract),,https://ca.indeed.com/rc/clk?jk=3af5fd8c59a09d35&fccid=fc05aa6e31d7d636&vjs=3,False
Business Analyst,,https://ca.indeed.com/rc/clk?jk=ff20a87292f76867&fccid=66511fd407b13ac6&vjs=3,False
"MDM Analyst, Data Enrichment",,https://ca.indeed.com/rc/clk?jk=801827b8b3b83f2e&fccid=053befe8409ab9e4&vjs=3,False
"Senior Business Analyst, GSC",,https://ca.indeed.com/rc/clk?jk=984902b17d6c9c55&fccid=be90d89fb010b0bf&vjs=3,False
"Analyst, Pricing",,https://ca.indeed.com/rc/clk?jk=a1aac5d2d0ae2397&fccid=fe5fae2f1befbc52&vjs=3,False
"Associate, Business Analyst",,https://ca.indeed.com/rc/clk?jk=efcae3d502eab382&fccid=b85c5070c3d3d8c8&vjs=3,False
"Analyst, Customer Experience",,https://ca.indeed.com/rc/clk?jk=5f5102c50c595d27&fccid=9aa40cd2accb7367&vjs=3,False
Business Systems Analyst II (People & Culture team),,https://ca.indeed.com/rc/clk?jk=6a31f666137cbb7b&fccid=ed81336789a877c2&vjs=3,False
Portfolio Data Analyst,"$70,000 a year",https://ca.indeed.com/company/AstraNorth/jobs/Portfolio-Data-Analyst-c170acdb35682b2d?fccid=8116154355837827&vjs=3,False
Technical Business Analyst with Banking Experience,"$120,000 - $125,000 a year",https://ca.indeed.com/company/Digi-Upaay-Solutions-Pvt.-Ltd/jobs/Technical-Business-Analyst-Banking-Experience-794c238162415539?fccid=3aab6b0ed8c17988&vjs=3,False
Senior Data Analyst,,https://ca.indeed.com/rc/clk?jk=bc779804d4e05b1e&fccid=92938f0e989918d3&vjs=3,False
Business Support Analyst,,https://ca.indeed.com/rc/clk?jk=ebb9594b31c44465&fccid=3a429036b3725efa&vjs=3,False
Analyst (P2P Management Consulting),"$40,000 a year",https://ca.indeed.com/company/OPTIS-Consulting/jobs/Analyst-bdccab6fd3fe4c4d?fccid=794f1d4b8b5291dc&vjs=3,False
Power BI Developer,,https://ca.indeed.com/rc/clk?jk=c1669cb245f2d597&fccid=f393085c1182b994&vjs=3,False
Business Analyst – Regulatory Reporting - 332227,,https://ca.indeed.com/pagead/clk?mo=r&ad=-6NYlbfkN0BreR47D9bMWJ28XlwS8rs2_GIFY3-vSdy_Xwl-swcV-nLMwXF3u7nt_W1_ybLH0QOFKmmMQzteY0BhasXiiZlsZdaIqK2KKGkPgCCoXbCecUQ6NcLHy4LqGcaATiE32JTfaiW1jiPE4zsZVVh2MEVK3i3YsUTHCNx2KZ310hgS8YM6nFyHlAFGBtnTnxTGAAy_lf7Zm0LwrkmisnApJ2HpccFm86ToE_moTx6IkThiZLv8GLCO9P9G79ZY3iVqKGGAT2GTHMmF-v7aUnApZT7Yw4_QsGQCRXmBNBdiq9W6uA3G0LQZEGLZrQwlHC4z5bmfInIH_RmtmIAKBm_QGOQHrRrPnJSAbBf7JN3QIcqr5hAsYBTq533FyHOq_wXA2BjfOFXpAx5wnlx9mMmFs6YoWHOmrxF8-MdjzeOJpILUkcehhHOe0Kt3lX-oKXzxjPGaw3O8G26zxnPV0BJ-CJWRRJt4-8hu7yhiIsDNw0D767XGMWoZbnXMgAOOAoTWdmfyEt9J5qfz0AWtbN-GHo-jl4qQeXIyS3BFatJZzjxDYrRGN4hMwyKEJgmesURP_igjs1vbj3rZp6Fna20F-atvworsVEErX7Jb6ZvW0xUdbXKU4OnhF_y5SsWH8OjtcXI=&p=10&fvj=0&vjs=3,False
Senior Data Analyst (Remote),,https://ca.indeed.com/rc/clk?jk=f8b0509d3e724f8a&fccid=618943d89d0005a6&vjs=3,False
Business Analyst (Power BI),$55 - $70 an hour,https://ca.indeed.com/company/www.dawninfotek.com/jobs/Business-Analyst-89feb0f72f34c1e5?fccid=b92bdfc2ac8613c3&vjs=3,False
"Data Analyst, Financial Crime Analytics",,https://ca.indeed.com/rc/clk?jk=1b70863a008787ed&fccid=9e215d88a6b33622&vjs=3,False
Strategic Analyst,,https://ca.indeed.com/rc/clk?jk=a646a456f25fa2f8&fccid=fe30e7eab2e02cdb&vjs=3,False
Accounting Analyst,,https://ca.indeed.com/rc/clk?jk=4d57aa712e628222&fccid=03287ae7e98c7ec0&vjs=3,False
Senior Business Analyst - Digital Data Analytics Platform Te...,,https://ca.indeed.com/rc/clk?jk=d2dff4b273aa7dcd&fccid=ed81336789a877c2&vjs=3,False
Senior Meter Data Analyst,,https://ca.indeed.com/rc/clk?jk=67dfee07b0ce296c&fccid=f1c3d0a0465a10d8&vjs=3,False
Senior Regulatory Data Analyst,,https://ca.indeed.com/rc/clk?jk=c2380f403e7aa009&fccid=537b899e30af3338&vjs=3,True
Supply Chain Analyst,,https://ca.indeed.com/company/Atrium-Innovations/jobs/Supply-Chain-Analyst-68126ce6a3f0b633?fccid=7b31538d20f3023f&vjs=3,False
Business Analyst,,https://ca.indeed.com/rc/clk?jk=c503a62ec3a920bc&fccid=fe2d21eef233e94a&vjs=3,False
Senior Business Intelligence Analyst,,https://ca.indeed.com/company/Kognitiv-Corporation/jobs/Senior-Business-Intelligence-Analyst-52adc1315b64a698?fccid=84d0ab20988de65f&vjs=3,False
"Student Intern, Student Intern, Data Analyst & Quote Control...",,https://ca.indeed.com/rc/clk?jk=200acaf3d8b3d5ed&fccid=e7e593a18b26fee3&vjs=3,False
Business Intelligence and Reporting Analyst III,,https://ca.indeed.com/rc/clk?jk=834a433ed472a5c1&fccid=d7114f1cac8d0711&vjs=3,False
Business Analyst,,https://ca.indeed.com/company/Alert-Driving/jobs/Business-Analyst-987ec0a2825f19f8?fccid=845bfaae618a960d&vjs=3,False
Data Analyst 2,,https://ca.indeed.com/rc/clk?jk=917572c65cfa927b&fccid=f379417fa48d0010&vjs=3,False
Business Analyst,,https://ca.indeed.com/company/Alert-Driving/jobs/Business-Analyst-987ec0a2825f19f8?fccid=845bfaae618a960d&vjs=3,False
Data Analyst 2,,https://ca.indeed.com/rc/clk?jk=917572c65cfa927b&fccid=f379417fa48d0010&vjs=3,False
Senior Data Analyst,,https://ca.indeed.com/rc/clk?jk=d7e34331728270ad&fccid=3002307a9e5b4706&vjs=3,False
Senior Data Analyst,,https://ca.indeed.com/rc/clk?jk=4c8207cec10a397b&fccid=b5583ca8df6a68c3&vjs=3,False
Business Analyst,,https://ca.indeed.com/rc/clk?jk=9432c094672f742e&fccid=cad2d6241b875325&vjs=3,False
Business Analyst I,,https://ca.indeed.com/rc/clk?jk=9b7295413dbb20a3&fccid=d7114f1cac8d0711&vjs=3,False
Senior Bioinformatics Analyst,"$71,195 - $88,998 a year",https://ca.indeed.com/rc/clk?jk=98fcb8392295743d&fccid=2bef55e014d470c4&vjs=3,False
Senior Portfolio Data Fraud Analyst,,https://ca.indeed.com/rc/clk?jk=b59ec67d015b2496&fccid=f99648405c7e9e3a&vjs=3,True
technical support analyst - systems,$37.21 an hour,https://ca.indeed.com/rc/clk?jk=eb5e3532007504e4&fccid=edaa2cf6f02c5499&vjs=3,False
Physical Security Analyst,,https://ca.indeed.com/rc/clk?jk=b8ee641c66e74767&fccid=3a429036b3725efa&vjs=3,False
database analyst,$42 an hour,https://ca.indeed.com/rc/clk?jk=2b63234014586ddd&fccid=381d00b4a373bc3a&vjs=3,False
Data & Business Analyst Co-op - Enterprise Productivity (IT...,,https://ca.indeed.com/rc/clk?jk=918c6ef89f714f28&fccid=3002307a9e5b4706&vjs=3,False
Data Analyst,"$50,000 - $55,000 a year",https://ca.indeed.com/rc/clk?jk=3f8cbecf5956c3e9&fccid=5bbd62cc886362fb&vjs=3,False
Data Analyst - CPG/ Retail- Pricing,,https://ca.indeed.com/pagead/clk?mo=r&ad=-6NYlbfkN0DkKGpy-YSvYJMdl-DicM_1DvknLRwfgvwyDmKP0oDfnRtFuwOiOf3xHdOsqkSbfz6VGKt9HYR1nwNMyHHkGPGkH-PGDEq8gIm3d7RMCQYnOvrQqjuRfoSjcjtH6I206oip83JHCWPaj-FqXUB4e1Qz5sYgVBcR-lajJq1vj6PfA3EbkPrLvblfqxmg5NfXrndFDmQgl4oARhFxJDq3GKXA7bbUf_qm_59ZdVaMergo0yhVlb3WqG0bNCg8Y7u49iUj2wOvMiFpd3IpvNEYkRMbbgQOA7JMWGg_GtekoYYBgnqXym4TPRaaxl3jM29mxMQ1Og7KMJER4IHQ0H_OtpVGaTH8sC4nIkTngbFnPEkE9YdyFzQCQCMyViGWv37agemCSi3XRAgE-6XMW9veSyIkh7YACCX_s2VC-39NM0WdBX_s8AwAZCM2f-OFKlx2OEJ8aX3LH_KhiuRBeJSq_IFvz0V4Wi-c_A6lRzf8_vzBw3LWExNztqo_dlspKLPRBHG6x3mWjgxPawnfl2aWs1Sm_TrGEjz1rc-dIpGWE6GgWXBdHc48n7116Tftmbj2_Q4Qhfy3VmNgMQ==&p=8&fvj=0&vjs=3,False
SAS Data Analyst,,https://ca.indeed.com/pagead/clk?mo=r&ad=-6NYlbfkN0ARTAizOW0T4oiE6Epdo0i-SPQERQ6fC7voScIS1kB12kiCtEFYyau3_mwwVyoKQor2G-LeAQywwvEd5beqzBHTdQe3uXXV9jQpAgSGl80W1oucGRFpVmzNq5V7PcLTE7NDkdOdoe_VKReVZWErDOdw9Qn27v3-HOZpy5U7llqPBiidsUKKd441pOupmFnln5LdwihsJJeA9edvVoK_BihtQ9hsiA2J7TA9sjJtZoCiV_rAdb4FtOSaNjd0BC8Sl5Y8vsROBe1qXHUWTB-BDlytT4RE40AYeoqZAvab8MiBVxvxKnTEz-FQUSAFyObxElfORslFdYY3-3pJ1l_x-Mhn1WpDj9PI_a9frgaOuWIKDLEH4aSsbNEbMzyhWoEIFto6LsQVLV_XZhIq6Y9DsqyyiVGXGgKvGQkTVZXQTVZs0t2nO-5KKgwaRfZh4PjhlTd5jueTg03WjNA-8nCAusqE-hqP9gK0OxFrt9ZlZqY7zGR3DkJOpP7P&p=12&fvj=1&vjs=3,False
Data Analyst,"$50,000 - $55,000 a year",https://ca.indeed.com/rc/clk?jk=3f8cbecf5956c3e9&fccid=5bbd62cc886362fb&vjs=3,False
Business Initiatives Analyst,,https://ca.indeed.com/rc/clk?jk=9f94fbe65d3c7d12&fccid=537b899e30af3338&vjs=3,True
Senior Business Intelligence and Reporting Analyst,,https://ca.indeed.com/rc/clk?jk=7a7560c7c8129784&fccid=d7114f1cac8d0711&vjs=3,False
Business Analyst,$45.08 - $60.11 an hour,https://ca.indeed.com/rc/clk?jk=cfbccc1ec77d6f8b&fccid=da4e4cf77878ee46&vjs=3,False
Business Intelligence Database Analyst,"$88,000 a year",https://ca.indeed.com/company/via.work/jobs/Business-Intelligence-Database-Analyst-7b63397d1b62a369?fccid=e20a0aceea589ece&vjs=3,False
Total Rewards Analyst,,https://ca.indeed.com/rc/clk?jk=e67284d56df807ad&fccid=d836e94cec8a7fbd&vjs=3,True
Sailpoint Analyst,,https://ca.indeed.com/rc/clk?jk=3a0b79f314df292d&fccid=1747adf6142beb48&vjs=3,False
"Business Systems Analyst, Central Projects",,https://ca.indeed.com/rc/clk?jk=6aad2e617c15d914&fccid=894f7f8c2128ec00&vjs=3,False
"Analyst, Global Equities",,https://ca.indeed.com/rc/clk?jk=aba16b71ecec078d&fccid=e0bbddd21984445e&vjs=3,False
"Analyst, Economic Advisory",,https://ca.indeed.com/rc/clk?jk=b081dfa6734cb75b&fccid=1544766d4c2915b0&vjs=3,False
Associate Analyst 3 - Toronto,,https://ca.indeed.com/rc/clk?jk=027b4cc66a8f40db&fccid=28eefc5b86560831&vjs=3,True
"Business Analyst - ETL, Data","$110,000 a year",https://ca.indeed.com/company/AstraNorth/jobs/Business-Analyst-f216ad10e42c79e2?fccid=8116154355837827&vjs=3,False
"Business Analyst, Grants and Contracts",,https://ca.indeed.com/rc/clk?jk=cf7b89b03410a7de&fccid=8d62616b1e3302fc&vjs=3,True
"Business Analyst II, Enterprise Data Lifecycle Management (E...",,https://ca.indeed.com/rc/clk?jk=1634812ec0a3bece&fccid=d7114f1cac8d0711&vjs=3,False
Senior Data Analyst,,https://ca.indeed.com/company/Kognitiv-Corporation/jobs/Senior-Data-Analyst-368dac527dfd4ae8?fccid=84d0ab20988de65f&vjs=3,False
Senior Business Analyst,,https://ca.indeed.com/rc/clk?jk=d4e472cde1f4e21b&fccid=0d24f3d7d05a03be&vjs=3,False
Reinsurance Analyst,,https://ca.indeed.com/rc/clk?jk=71e7ecbb0f55952c&fccid=67e83e4ca329873b&vjs=3,False
